Language,package,version,License,source_url,license_url,Branch
Python,ast-serialize,0.5.0,MIT,https://github.com/mypyc/ast_serialize,https://github.com/mypyc/ast_serialize/blob/HEAD/LICENSE,release/1.5.0
Python,black,26.5.1,MIT,https://github.com/psf/black,https://github.com/psf/black/blob/HEAD/LICENSE,release/1.5.0
Python,cfgv,3.5.0,MIT,https://github.com/asottile/cfgv,https://github.com/asottile/cfgv/blob/HEAD/LICENSE,release/1.5.0
Python,click,8.4.1,BSD-3-Clause,https://github.com/pallets/click/,https://github.com/pallets/click/blob/HEAD/LICENSE,release/1.5.0
Python,cuda-bindings,13.3.1,LicenseRef-NVIDIA-SOFTWARE-LICENSE,https://github.com/NVIDIA/cuda-python,https://github.com/NVIDIA/cuda-python/blob/HEAD/LICENSE,release/1.5.0
Python,cuda-pathfinder,1.5.5,Apache-2.0,https://github.com/NVIDIA/cuda-python,https://github.com/NVIDIA/cuda-python/blob/HEAD/LICENSE,release/1.5.0
Python,cuda-toolkit,13.0.2,NVIDIA Proprietary Software,https://developer.nvidia.com/cuda-toolkit,https://docs.nvidia.com/cuda/eula/,release/1.5.0
Python,distlib,0.4.2,PSF-2.0,https://github.com/pypa/distlib,https://github.com/pypa/distlib/blob/HEAD/LICENSE,release/1.5.0
Python,etcd3,0.12.0,Apache Software License 2.0,https://github.com/kragniz/python-etcd3,https://github.com/kragniz/python-etcd3/blob/HEAD/LICENSE,release/1.5.0
Python,filelock,3.29.3,MIT,https://github.com/tox-dev/py-filelock,https://github.com/tox-dev/py-filelock/blob/HEAD/LICENSE,release/1.5.0
Python,flake8,7.3.0,MIT,https://github.com/pycqa/flake8,https://github.com/pycqa/flake8/blob/HEAD/LICENSE,release/1.5.0
Python,fsspec,2026.4.0,BSD-3-Clause,https://github.com/fsspec/filesystem_spec,https://github.com/fsspec/filesystem_spec/blob/HEAD/LICENSE,release/1.5.0
Python,grpcio,1.80.0,Apache-2.0,https://github.com/grpc/grpc,https://github.com/grpc/grpc/blob/HEAD/LICENSE,release/1.5.0
Python,identify,2.6.19,MIT,https://github.com/pre-commit/identify,https://github.com/pre-commit/identify/blob/HEAD/LICENSE,release/1.5.0
Python,iniconfig,2.3.0,MIT,https://github.com/pytest-dev/iniconfig,https://github.com/pytest-dev/iniconfig/blob/HEAD/LICENSE,release/1.5.0
Python,isort,8.0.1,MIT,https://github.com/PyCQA/isort,https://github.com/PyCQA/isort/blob/HEAD/LICENSE,release/1.5.0
Python,jinja2,3.1.6,BSD License,https://github.com/pallets/jinja/,https://github.com/pallets/jinja/blob/HEAD/LICENSE,release/1.5.0
Python,librt,0.11.0,MIT,https://github.com/mypyc/librt,https://github.com/mypyc/librt/blob/HEAD/LICENSE,release/1.5.0
Python,markupsafe,3.0.3,BSD-3-Clause,https://github.com/pallets/markupsafe/,https://github.com/pallets/markupsafe/blob/HEAD/LICENSE,release/1.5.0
Python,mccabe,0.7.0,Expat license,https://github.com/pycqa/mccabe,https://github.com/pycqa/mccabe/blob/HEAD/LICENSE,release/1.5.0
Python,mpmath,1.3.0,BSD,https://github.com/fredrik-johansson/mpmath,https://github.com/fredrik-johansson/mpmath/blob/HEAD/LICENSE,release/1.5.0
Python,mypy,2.1.0,MIT,https://github.com/python/mypy,https://github.com/python/mypy/blob/HEAD/LICENSE,release/1.5.0
Python,mypy-extensions,1.1.0,MIT,https://github.com/python/mypy_extensions,https://github.com/python/mypy_extensions/blob/HEAD/LICENSE,release/1.5.0
Python,networkx,3.6.1,BSD-3-Clause,https://github.com/networkx/networkx,https://github.com/networkx/networkx/blob/HEAD/LICENSE,release/1.5.0
Python,nixl,1.5.0,Apache-2.0,https://github.com/ai-dynamo/nixl,https://github.com/ai-dynamo/nixl/blob/HEAD/LICENSE,release/1.5.0
Python,nixl-cu12,1.5.0,Apache-2.0,https://github.com/ai-dynamo/nixl,https://github.com/ai-dynamo/nixl/blob/HEAD/LICENSE,release/1.5.0
Python,nixl-cu13,1.5.0,Apache-2.0,https://github.com/ai-dynamo/nixl,https://github.com/ai-dynamo/nixl/blob/HEAD/LICENSE,release/1.5.0
Python,nodeenv,1.10.0,BSD,https://github.com/ekalinin/nodeenv,https://github.com/ekalinin/nodeenv/blob/HEAD/LICENSE,release/1.5.0
Python,numpy,2.4.6,BSD-3-Clause AND 0BSD AND MIT AND Zlib AND CC0-1.0,https://github.com/numpy/numpy,https://github.com/numpy/numpy/blob/HEAD/LICENSE,release/1.5.0
Python,nvidia-cublas,13.1.1.3,NVIDIA Proprietary Software,https://developer.nvidia.com/cuda-zone,https://docs.nvidia.com/cuda/eula/,release/1.5.0
Python,nvidia-cuda-cupti,13.0.85,LicenseRef-NVIDIA-Proprietary,https://developer.nvidia.com/cuda-zone,https://docs.nvidia.com/cuda/eula/,release/1.5.0
Python,nvidia-cuda-nvrtc,13.0.88,LicenseRef-NVIDIA-Proprietary,https://developer.nvidia.com/cuda-zone,https://docs.nvidia.com/cuda/eula/,release/1.5.0
Python,nvidia-cuda-runtime,13.0.96,NVIDIA Proprietary Software,https://developer.nvidia.com/cuda-zone,https://docs.nvidia.com/cuda/eula/,release/1.5.0
Python,nvidia-cudnn-cu13,9.20.0.48,NVIDIA Proprietary Software,https://developer.nvidia.com/cuda-zone,https://docs.nvidia.com/cuda/eula/,release/1.5.0
Python,nvidia-cufft,12.0.0.61,LicenseRef-NVIDIA-Proprietary,https://developer.nvidia.com/cuda-zone,https://docs.nvidia.com/cuda/eula/,release/1.5.0
Python,nvidia-cufile,1.15.1.6,LicenseRef-NVIDIA-Proprietary,https://developer.nvidia.com/cuda-zone,https://docs.nvidia.com/cuda/eula/,release/1.5.0
Python,nvidia-curand,10.4.0.35,LicenseRef-NVIDIA-Proprietary,https://developer.nvidia.com/cuda-zone,https://docs.nvidia.com/cuda/eula/,release/1.5.0
Python,nvidia-cusolver,12.0.4.66,LicenseRef-NVIDIA-Proprietary,https://developer.nvidia.com/cuda-zone,https://docs.nvidia.com/cuda/eula/,release/1.5.0
Python,nvidia-cusparse,12.6.3.3,LicenseRef-NVIDIA-Proprietary,https://developer.nvidia.com/cuda-zone,https://docs.nvidia.com/cuda/eula/,release/1.5.0
Python,nvidia-cusparselt-cu13,0.8.1,NVIDIA Proprietary Software,https://developer.nvidia.com/cusparselt,https://docs.nvidia.com/cuda/eula/,release/1.5.0
Python,nvidia-nccl-cu13,2.29.7,BSD-3-Clause,https://developer.nvidia.com/cuda-zone,,release/1.5.0
Python,nvidia-nvjitlink,13.0.88,LicenseRef-NVIDIA-Proprietary,https://developer.nvidia.com/cuda-zone,https://docs.nvidia.com/cuda/eula/,release/1.5.0
Python,nvidia-nvshmem-cu13,3.4.5,NVIDIA Proprietary Software,https://developer.nvidia.com/cuda-zone,https://docs.nvidia.com/cuda/eula/,release/1.5.0
Python,nvidia-nvtx,13.0.85,NVIDIA Proprietary Software,https://developer.nvidia.com/cuda-zone,https://docs.nvidia.com/cuda/eula/,release/1.5.0
Python,packaging,26.2,Apache-2.0 OR BSD-2-Clause,https://github.com/pypa/packaging,https://github.com/pypa/packaging/blob/HEAD/LICENSE,release/1.5.0
Python,pathspec,1.1.1,Mozilla Public License 2.0 (MPL 2.0),https://github.com/cpburnz/python-pathspec,https://github.com/cpburnz/python-pathspec/blob/HEAD/LICENSE,release/1.5.0
Python,platformdirs,4.10.0,MIT,https://github.com/tox-dev/platformdirs,https://github.com/tox-dev/platformdirs/blob/HEAD/LICENSE,release/1.5.0
Python,pluggy,1.6.0,MIT,https://pypi.org/project/pluggy/,,release/1.5.0
Python,pre-commit,4.6.0,MIT,https://github.com/pre-commit/pre-commit,https://github.com/pre-commit/pre-commit/blob/HEAD/LICENSE,release/1.5.0
Python,protobuf,7.34.1,3-Clause BSD License,https://developers.google.com/protocol-buffers/,,release/1.5.0
Python,pycodestyle,2.14.0,MIT,https://pycodestyle.pycqa.org/,,release/1.5.0
Python,pyflakes,3.4.0,MIT,https://github.com/PyCQA/pyflakes,https://github.com/PyCQA/pyflakes/blob/HEAD/LICENSE,release/1.5.0
Python,pygments,2.20.0,BSD-2-Clause,https://github.com/pygments/pygments,https://github.com/pygments/pygments/blob/HEAD/LICENSE,release/1.5.0
Python,pytest,9.0.3,MIT,https://github.com/pytest-dev/pytest,https://github.com/pytest-dev/pytest/blob/HEAD/LICENSE,release/1.5.0
Python,python-discovery,1.4.0,MIT License,https://github.com/tox-dev/python-discovery,https://github.com/tox-dev/python-discovery/blob/HEAD/LICENSE,release/1.5.0
Python,pytokens,0.4.1,MIT License,https://github.com/tusharsadhwani/pytokens,https://github.com/tusharsadhwani/pytokens/blob/HEAD/LICENSE,release/1.5.0
Python,pyyaml,6.0.3,MIT,https://github.com/yaml/pyyaml,https://github.com/yaml/pyyaml/blob/HEAD/LICENSE,release/1.5.0
Python,setuptools,81.0.0,MIT,https://github.com/pypa/setuptools,https://github.com/pypa/setuptools/blob/HEAD/LICENSE,release/1.5.0
Python,six,1.17.0,MIT,https://github.com/benjaminp/six,https://github.com/benjaminp/six/blob/HEAD/LICENSE,release/1.5.0
Python,sympy,1.14.0,BSD,https://github.com/sympy/sympy,https://github.com/sympy/sympy/blob/HEAD/LICENSE,release/1.5.0
Python,tabulate,0.10.0,MIT,https://github.com/astanin/python-tabulate,https://github.com/astanin/python-tabulate/blob/HEAD/LICENSE,release/1.5.0
Python,tenacity,9.1.4,Apache 2.0,https://github.com/jd/tenacity,https://github.com/jd/tenacity/blob/HEAD/LICENSE,release/1.5.0
Python,toml,0.10.2,MIT,https://github.com/uiri/toml,https://github.com/uiri/toml/blob/HEAD/LICENSE,release/1.5.0
Python,tomli,2.4.1,MIT,https://github.com/hukkin/tomli,https://github.com/hukkin/tomli/blob/HEAD/LICENSE,release/1.5.0
Python,torch,2.12.0,BSD-3-Clause,https://github.com/pytorch/pytorch,https://github.com/pytorch/pytorch/blob/HEAD/LICENSE,release/1.5.0
Python,tqdm,4.67.3,MPL-2.0 AND MIT,https://github.com/tqdm/tqdm,https://github.com/tqdm/tqdm/blob/HEAD/LICENSE,release/1.5.0
Python,triton,3.7.0,MIT License,https://github.com/triton-lang/triton/,https://github.com/triton-lang/triton/blob/HEAD/LICENSE,release/1.5.0
Python,types-pyyaml,6.0.12.20260518,Apache-2.0,https://github.com/python/typeshed,https://github.com/python/typeshed/blob/HEAD/LICENSE,release/1.5.0
Python,typing-extensions,4.15.0,PSF-2.0,https://github.com/python/typing_extensions,https://github.com/python/typing_extensions/blob/HEAD/LICENSE,release/1.5.0
Python,virtualenv,21.4.2,MIT,https://github.com/pypa/virtualenv,https://github.com/pypa/virtualenv/blob/HEAD/LICENSE,release/1.5.0
Rust,aho-corasick,1.1.3,MIT OR Unlicense,https://github.com/BurntSushi/aho-corasick,https://github.com/BurntSushi/aho-corasick/blob/HEAD/LICENSE,release/1.5.0
Rust,anyhow,1.0.100,Apache-2.0 OR MIT,https://github.com/dtolnay/anyhow,https://github.com/dtolnay/anyhow/blob/HEAD/LICENSE,release/1.5.0
Rust,bincode,1.3.3,MIT,https://github.com/servo/bincode,https://github.com/servo/bincode/blob/HEAD/LICENSE,release/1.5.0
Rust,bindgen,0.71.1,BSD-3-Clause,https://github.com/rust-lang/rust-bindgen,https://github.com/rust-lang/rust-bindgen/blob/HEAD/LICENSE,release/1.5.0
Rust,bitflags,2.9.1,Apache-2.0 OR MIT,https://github.com/bitflags/bitflags,https://github.com/bitflags/bitflags/blob/HEAD/LICENSE,release/1.5.0
Rust,cc,1.2.23,Apache-2.0 OR MIT,https://github.com/rust-lang/cc-rs,https://github.com/rust-lang/cc-rs/blob/HEAD/LICENSE,release/1.5.0
Rust,cexpr,0.6.0,Apache-2.0 OR MIT,https://github.com/jethrogb/rust-cexpr,https://github.com/jethrogb/rust-cexpr/blob/HEAD/LICENSE,release/1.5.0
Rust,cfg-if,1.0.0,Apache-2.0 OR MIT,https://github.com/alexcrichton/cfg-if,https://github.com/alexcrichton/cfg-if/blob/HEAD/LICENSE,release/1.5.0
Rust,clang-sys,1.8.1,Apache-2.0,https://github.com/KyleMayes/clang-sys,https://github.com/KyleMayes/clang-sys/blob/HEAD/LICENSE,release/1.5.0
Rust,either,1.15.0,Apache-2.0 OR MIT,https://github.com/rayon-rs/either,https://github.com/rayon-rs/either/blob/HEAD/LICENSE,release/1.5.0
Rust,errno,0.3.13,Apache-2.0 OR MIT,https://github.com/lambda-fairy/rust-errno,https://github.com/lambda-fairy/rust-errno/blob/HEAD/LICENSE,release/1.5.0
Rust,fastrand,2.3.0,Apache-2.0 OR MIT,https://github.com/smol-rs/fastrand,https://github.com/smol-rs/fastrand/blob/HEAD/LICENSE,release/1.5.0
Rust,getrandom,0.3.3,Apache-2.0 OR MIT,https://github.com/rust-random/getrandom,https://github.com/rust-random/getrandom/blob/HEAD/LICENSE,release/1.5.0
Rust,glob,0.3.2,Apache-2.0 OR MIT,https://github.com/rust-lang/glob,https://github.com/rust-lang/glob/blob/HEAD/LICENSE,release/1.5.0
Rust,itertools,0.13.0,Apache-2.0 OR MIT,https://github.com/rust-itertools/itertools,https://github.com/rust-itertools/itertools/blob/HEAD/LICENSE,release/1.5.0
Rust,jobserver,0.1.33,Apache-2.0 OR MIT,https://github.com/rust-lang/jobserver-rs,https://github.com/rust-lang/jobserver-rs/blob/HEAD/LICENSE,release/1.5.0
Rust,libc,0.2.172,Apache-2.0 OR MIT,https://github.com/rust-lang/libc,https://github.com/rust-lang/libc/blob/HEAD/LICENSE,release/1.5.0
Rust,libloading,0.8.7,ISC,https://github.com/nagisa/rust_libloading/,https://github.com/nagisa/rust_libloading/blob/HEAD/LICENSE,release/1.5.0
Rust,linux-raw-sys,0.9.4,Apache-2.0 OR Apache-2.0 WITH LLVM-exception OR MIT,https://github.com/sunfishcode/linux-raw-sys,https://github.com/sunfishcode/linux-raw-sys/blob/HEAD/LICENSE,release/1.5.0
Rust,log,0.4.27,Apache-2.0 OR MIT,https://github.com/rust-lang/log,https://github.com/rust-lang/log/blob/HEAD/LICENSE,release/1.5.0
Rust,memchr,2.7.4,MIT OR Unlicense,https://github.com/BurntSushi/memchr,https://github.com/BurntSushi/memchr/blob/HEAD/LICENSE,release/1.5.0
Rust,minimal-lexical,0.2.1,Apache-2.0 OR MIT,https://github.com/Alexhuszagh/minimal-lexical,https://github.com/Alexhuszagh/minimal-lexical/blob/HEAD/LICENSE,release/1.5.0
Rust,nixl-sys,1.4.1,Apache-2.0 AND MIT,https://github.com/ai-dynamo/nixl.git,https://github.com/ai-dynamo/nixl/blob/HEAD/LICENSE,release/1.5.0
Rust,nom,7.1.3,MIT,https://github.com/Geal/nom,https://github.com/Geal/nom/blob/HEAD/LICENSE,release/1.5.0
Rust,once_cell,1.21.3,Apache-2.0 OR MIT,https://github.com/matklad/once_cell,https://github.com/matklad/once_cell/blob/HEAD/LICENSE,release/1.5.0
Rust,os_info,3.11.0,MIT,https://github.com/stanislav-tkach/os_info,https://github.com/stanislav-tkach/os_info/blob/HEAD/LICENSE,release/1.5.0
Rust,pin-project-lite,0.2.16,Apache-2.0 OR MIT,https://github.com/taiki-e/pin-project-lite,https://github.com/taiki-e/pin-project-lite/blob/HEAD/LICENSE,release/1.5.0
Rust,pkg-config,0.3.32,Apache-2.0 OR MIT,https://github.com/rust-lang/pkg-config-rs,https://github.com/rust-lang/pkg-config-rs/blob/HEAD/LICENSE,release/1.5.0
Rust,prettyplease,0.2.32,Apache-2.0 OR MIT,https://github.com/dtolnay/prettyplease,https://github.com/dtolnay/prettyplease/blob/HEAD/LICENSE,release/1.5.0
Rust,proc-macro2,1.0.95,Apache-2.0 OR MIT,https://github.com/dtolnay/proc-macro2,https://github.com/dtolnay/proc-macro2/blob/HEAD/LICENSE,release/1.5.0
Rust,quote,1.0.40,Apache-2.0 OR MIT,https://github.com/dtolnay/quote,https://github.com/dtolnay/quote/blob/HEAD/LICENSE,release/1.5.0
Rust,r-efi,5.2.0,Apache-2.0 OR LGPL-2.1-or-later OR MIT,https://github.com/r-efi/r-efi,https://github.com/r-efi/r-efi/blob/HEAD/LICENSE,release/1.5.0
Rust,regex,1.11.1,Apache-2.0 OR MIT,https://github.com/rust-lang/regex,https://github.com/rust-lang/regex/blob/HEAD/LICENSE,release/1.5.0
Rust,regex-automata,0.4.9,Apache-2.0 OR MIT,https://github.com/rust-lang/regex/tree/master/regex-automata,https://github.com/rust-lang/regex/tree/master/regex-automata/blob/HEAD/LICENSE,release/1.5.0
Rust,regex-syntax,0.8.5,Apache-2.0 OR MIT,https://github.com/rust-lang/regex/tree/master/regex-syntax,https://github.com/rust-lang/regex/tree/master/regex-syntax/blob/HEAD/LICENSE,release/1.5.0
Rust,rustc-hash,2.1.1,Apache-2.0 OR MIT,https://github.com/rust-lang/rustc-hash,https://github.com/rust-lang/rustc-hash/blob/HEAD/LICENSE,release/1.5.0
Rust,rustix,1.0.8,Apache-2.0 OR Apache-2.0 WITH LLVM-exception OR MIT,https://github.com/bytecodealliance/rustix,https://github.com/bytecodealliance/rustix/blob/HEAD/LICENSE,release/1.5.0
Rust,serde,1.0.219,Apache-2.0 OR MIT,https://github.com/serde-rs/serde,https://github.com/serde-rs/serde/blob/HEAD/LICENSE,release/1.5.0
Rust,serde_derive,1.0.219,Apache-2.0 OR MIT,https://github.com/serde-rs/serde,https://github.com/serde-rs/serde/blob/HEAD/LICENSE,release/1.5.0
Rust,shlex,1.3.0,Apache-2.0 OR MIT,https://github.com/comex/rust-shlex,https://github.com/comex/rust-shlex/blob/HEAD/LICENSE,release/1.5.0
Rust,syn,2.0.101,Apache-2.0 OR MIT,https://github.com/dtolnay/syn,https://github.com/dtolnay/syn/blob/HEAD/LICENSE,release/1.5.0
Rust,tempfile,3.20.0,Apache-2.0 OR MIT,https://github.com/Stebalien/tempfile,https://github.com/Stebalien/tempfile/blob/HEAD/LICENSE,release/1.5.0
Rust,thiserror,2.0.12,Apache-2.0 OR MIT,https://github.com/dtolnay/thiserror,https://github.com/dtolnay/thiserror/blob/HEAD/LICENSE,release/1.5.0
Rust,thiserror-impl,2.0.12,Apache-2.0 OR MIT,https://github.com/dtolnay/thiserror,https://github.com/dtolnay/thiserror/blob/HEAD/LICENSE,release/1.5.0
Rust,tracing,0.1.41,MIT,https://github.com/tokio-rs/tracing,https://github.com/tokio-rs/tracing/blob/HEAD/LICENSE,release/1.5.0
Rust,tracing-attributes,0.1.28,MIT,https://github.com/tokio-rs/tracing,https://github.com/tokio-rs/tracing/blob/HEAD/LICENSE,release/1.5.0
Rust,tracing-core,0.1.33,MIT,https://github.com/tokio-rs/tracing,https://github.com/tokio-rs/tracing/blob/HEAD/LICENSE,release/1.5.0
Rust,unicode-ident,1.0.18,(Apache-2.0 OR MIT) AND Unicode-3.0,https://github.com/dtolnay/unicode-ident,https://github.com/dtolnay/unicode-ident/blob/HEAD/LICENSE,release/1.5.0
Rust,wasi,0.14.2+wasi-0.2.4,Apache-2.0 OR Apache-2.0 WITH LLVM-exception OR MIT,https://github.com/bytecodealliance/wasi-rs,https://github.com/bytecodealliance/wasi-rs/blob/HEAD/LICENSE,release/1.5.0
Rust,windows-sys,0.52.0,Apache-2.0 OR MIT,https://github.com/microsoft/windows-rs,https://github.com/microsoft/windows-rs/blob/HEAD/LICENSE,release/1.5.0
Rust,windows-targets,0.52.6,Apache-2.0 OR MIT,https://github.com/microsoft/windows-rs,https://github.com/microsoft/windows-rs/blob/HEAD/LICENSE,release/1.5.0
Rust,windows-targets,0.53.0,Apache-2.0 OR MIT,https://github.com/microsoft/windows-rs,https://github.com/microsoft/windows-rs/blob/HEAD/LICENSE,release/1.5.0
Rust,windows_aarch64_gnullvm,0.52.6,Apache-2.0 OR MIT,https://github.com/microsoft/windows-rs,https://github.com/microsoft/windows-rs/blob/HEAD/LICENSE,release/1.5.0
Rust,windows_aarch64_gnullvm,0.53.0,Apache-2.0 OR MIT,https://github.com/microsoft/windows-rs,https://github.com/microsoft/windows-rs/blob/HEAD/LICENSE,release/1.5.0
Rust,windows_aarch64_msvc,0.52.6,Apache-2.0 OR MIT,https://github.com/microsoft/windows-rs,https://github.com/microsoft/windows-rs/blob/HEAD/LICENSE,release/1.5.0
Rust,windows_aarch64_msvc,0.53.0,Apache-2.0 OR MIT,https://github.com/microsoft/windows-rs,https://github.com/microsoft/windows-rs/blob/HEAD/LICENSE,release/1.5.0
Rust,windows_i686_gnu,0.52.6,Apache-2.0 OR MIT,https://github.com/microsoft/windows-rs,https://github.com/microsoft/windows-rs/blob/HEAD/LICENSE,release/1.5.0
Rust,windows_i686_gnu,0.53.0,Apache-2.0 OR MIT,https://github.com/microsoft/windows-rs,https://github.com/microsoft/windows-rs/blob/HEAD/LICENSE,release/1.5.0
Rust,windows_i686_gnullvm,0.52.6,Apache-2.0 OR MIT,https://github.com/microsoft/windows-rs,https://github.com/microsoft/windows-rs/blob/HEAD/LICENSE,release/1.5.0
Rust,windows_i686_gnullvm,0.53.0,Apache-2.0 OR MIT,https://github.com/microsoft/windows-rs,https://github.com/microsoft/windows-rs/blob/HEAD/LICENSE,release/1.5.0
Rust,windows_i686_msvc,0.52.6,Apache-2.0 OR MIT,https://github.com/microsoft/windows-rs,https://github.com/microsoft/windows-rs/blob/HEAD/LICENSE,release/1.5.0
Rust,windows_i686_msvc,0.53.0,Apache-2.0 OR MIT,https://github.com/microsoft/windows-rs,https://github.com/microsoft/windows-rs/blob/HEAD/LICENSE,release/1.5.0
Rust,windows_x86_64_gnu,0.52.6,Apache-2.0 OR MIT,https://github.com/microsoft/windows-rs,https://github.com/microsoft/windows-rs/blob/HEAD/LICENSE,release/1.5.0
Rust,windows_x86_64_gnu,0.53.0,Apache-2.0 OR MIT,https://github.com/microsoft/windows-rs,https://github.com/microsoft/windows-rs/blob/HEAD/LICENSE,release/1.5.0
Rust,windows_x86_64_gnullvm,0.52.6,Apache-2.0 OR MIT,https://github.com/microsoft/windows-rs,https://github.com/microsoft/windows-rs/blob/HEAD/LICENSE,release/1.5.0
Rust,windows_x86_64_gnullvm,0.53.0,Apache-2.0 OR MIT,https://github.com/microsoft/windows-rs,https://github.com/microsoft/windows-rs/blob/HEAD/LICENSE,release/1.5.0
Rust,windows_x86_64_msvc,0.52.6,Apache-2.0 OR MIT,https://github.com/microsoft/windows-rs,https://github.com/microsoft/windows-rs/blob/HEAD/LICENSE,release/1.5.0
Rust,windows_x86_64_msvc,0.53.0,Apache-2.0 OR MIT,https://github.com/microsoft/windows-rs,https://github.com/microsoft/windows-rs/blob/HEAD/LICENSE,release/1.5.0
Rust,wit-bindgen-rt,0.39.0,Apache-2.0 OR Apache-2.0 WITH LLVM-exception OR MIT,https://github.com/bytecodealliance/wit-bindgen,https://github.com/bytecodealliance/wit-bindgen/blob/HEAD/LICENSE,release/1.5.0
cpp,3FS,0.1.5,MIT,https://github.com/deepseek-ai/3FS,https://github.com/deepseek-ai/3FS/blob/main/LICENSE,release/1.5.0
cpp,Abseil,20250814.1,Apache 2.0,https://github.com/abseil/abseil-cpp,https://github.com/abseil/abseil-cpp/blob/master/LICENSE,release/1.5.0
cpp,Asio,1.30.2,Boost Software License,https://github.com/chriskohlhoff/asio,https://github.com/chriskohlhoff/asio/blob/asio-1-30-2/asio/LICENSE_1_0.txt,release/1.5.0
cpp,AWS C++ SDK S3,1.11.760,Apache 2.0,https://github.com/aws/aws-sdk-cpp,https://github.com/aws/aws-sdk-cpp/blob/main/LICENSE.txt,release/1.5.0
cpp,Azure SDK for C++,12.15.0,MIT,https://github.com/Azure/azure-sdk-for-cpp,https://github.com/Azure/azure-sdk-for-cpp/blob/azure-storage-blobs_12.15.0/LICENSE.txt,release/1.5.0
cpp,BOOST,1.66.0,Boost Software License 1.0,https://github.com/boostorg/boost,https://github.com/boostorg/boost/blob/boost-1.66.0/LICENSE_1_0.txt,release/1.5.0
cpp,c-ares,1.19.1,MIT,https://github.com/c-ares/c-ares,https://github.com/c-ares/c-ares/blob/cares-1_19_1/LICENSE.md,release/1.5.0
cpp,cuda,13.0,NVIDIA Proprietary license,https://developer.nvidia.com/cuda-13-0-0-download-archive,https://docs.nvidia.com/cuda/eula/index.html,release/1.5.0
cpp,cudart,13.0.88,NVIDIA Proprietary license,https://developer.nvidia.com/cuda-13-0-1-download-archive,https://docs.nvidia.com/cuda/eula/index.html,release/1.5.0
cpp,cufile,1.15.1.6,NVIDIA Proprietary license,https://docs.nvidia.com/gpudirect-storage/api-reference-guide/index.html,https://docs.nvidia.com/cuda/eula/index.html,release/1.5.0
cpp,etcd-cpp-apiv3,0.15.4,BSD-3-Clause license,https://github.com/etcd-cpp-apiv3/etcd-cpp-apiv3,https://github.com/etcd-cpp-apiv3/etcd-cpp-apiv3/blob/master/LICENSE.txt,release/1.5.0
cpp,glibc,2.39,GNU Lesser General Public License v2,https://sourceware.org/git/?p=glibc.git,https://sourceware.org/git?p=glibc.git;a=blob;f=LICENSES,release/1.5.0
cpp,Google flags,2.2.2,BSD3,https://github.com/gflags/gflags,https://github.com/gflags/gflags/blob/master/COPYING.txt,release/1.5.0
cpp,Google test,1.14.0,BSD3,https://github.com/google/googletest,https://github.com/google/googletest/blob/v1.14.0/LICENSE,release/1.5.0
cpp,gperftools,2.7.0,BSD-3-Clause license,https://github.com/gperftools/gperftools,https://github.com/gperftools/gperftools/tree/gperftools-2.7?tab=License-1-ov-file,release/1.5.0
cpp,grpc,1.73.0,Apache License 2.0,https://github.com/grpc/grpc,https://github.com/grpc/grpc/blob/v1.73.0/LICENSE,release/1.5.0
cpp,gusli_clnt,0.04,Apache 2.0,https://github.com/NVIDIA/GUSLI,https://github.com/NVIDIA/GUSLI/blob/main/LICENSE,release/1.5.0
cpp,hwloc,2.12.2,BSD-3-Clause,https://github.com/open-mpi/hwloc,https://github.com/open-mpi/hwloc/blob/hwloc-2.12.2/COPYING,release/1.5.0
cpp,icu,60.3,UNICODE LICENSE V3,https://github.com/unicode-org/icu,https://www.unicode.org/license.txt,release/1.5.0
cpp,libaio,0.3.112,LGPL 2.1,https://pagure.io/libaio,https://pagure.io/libaio/blob/master/f/COPYING,release/1.5.0
cpp,libcurl,8.19.0,curl (MIT/X-style),https://github.com/curl/curl,https://curl.se/docs/copyright.html,release/1.5.0
cpp,LibFabric,1.21.0,BSD-3-Clause,https://github.com/ofiwg/libfabric,https://github.com/ofiwg/libfabric/blob/v1.21.0/COPYING,release/1.5.0
cpp,libgcc-s1,14.2.0,GNU General Public License (v3 or later) with version 3.1 of the GCC Runtime Library Exception,https://gcc.gnu.org/git/gitweb.cgi?p=gcc.git,https://gcc.gnu.org/git/?p=gcc.git;a=blob;f=COPYING.RUNTIME,release/1.5.0
cpp,libibumad,48.0-1,BSD3,https://github.com/linux-rdma/rdma-core,https://github.com/linux-rdma/rdma-core/blob/master/COPYING.BSD_MIT,release/1.5.0
cpp,libibverbs,48.0-1,BSD3,https://github.com/linux-rdma/rdma-core,https://github.com/linux-rdma/rdma-core/blob/master/COPYING.BSD_MIT,release/1.5.0
cpp,libmlx5,48.0-1,BSD3,https://github.com/linux-rdma/rdma-core,https://github.com/linux-rdma/rdma-core/blob/master/COPYING.BSD_MIT,release/1.5.0
cpp,libnl-route-3,3.7.0,LGPL-2.1,https://github.com/thom311/libnl,https://github.com/thom311/libnl/blob/main/COPYING,release/1.5.0
cpp,libnl3,3.7.0,LGPL-2.1,https://github.com/thom311/libnl,https://github.com/thom311/libnl/blob/main/COPYING,release/1.5.0
cpp,librdmacm,48.0-1,BSD3,https://github.com/linux-rdma/rdma-core,https://github.com/linux-rdma/rdma-core/blob/master/COPYING.BSD_MIT,release/1.5.0
cpp,libs2n,1.0.0,Apache-2.0,https://github.com/aws/s2n-tls,https://github.com/aws/s2n-tls/blob/main/LICENSE,release/1.5.0
cpp,libstdc++,14.2.0,GNU General Public License (v3 or later) with version 3.1 of the GCC Runtime Library Exception,https://gcc.gnu.org/git/gitweb.cgi?p=gcc.git,https://gcc.gnu.org/git/?p=gcc.git;a=blob;f=COPYING.RUNTIME,release/1.5.0
cpp,libunwind,1.3.1,MIT,https://github.com/libunwind/libunwind,https://github.com/libunwind/libunwind/blob/v1.3.1/LICENSE,release/1.5.0
cpp,liburing,2.14,MIT,https://github.com/axboe/liburing,https://github.com/axboe/liburing/blob/master/LICENSE,release/1.5.0
cpp,libxml2,2.15,MIT License,https://gitlab.gnome.org/GNOME/libxml2,https://gitlab.gnome.org/GNOME/libxml2/-/blob/2.15/Copyright,release/1.5.0
cpp,libzstd,1.4.4,BSD-3-Clause,https://github.com/facebook/zstd,https://github.com/facebook/zstd/blob/dev/LICENSE,release/1.5.0
cpp,Mooncake,v0.3.10.post1,Apache-2.0,https://github.com/kvcache-ai/Mooncake,https://github.com/kvcache-ai/Mooncake/blob/main/LICENSE,release/1.5.0
cpp,numactl-libs,2.0.16,LGPL-2.1,https://github.com/numactl/numactl,https://github.com/numactl/numactl/blob/master/LICENSE.LGPL2.1,release/1.5.0
cpp,NVIDIA DOCA,3.3.0,NVIDIA DOCA EULA,https://developer.nvidia.com/doca-downloads,https://docs.nvidia.com/doca/sdk/doca+eula/index.html,release/1.5.0
cpp,NVSHMEM,3.2.5,NVIDIA Software License Agreement,https://developer.nvidia.com/nvshmem,https://docs.nvidia.com/nvshmem/api/sla.html,release/1.5.0
cpp,openssl,3.0.16,Apache License 2.0,https://github.com/openssl/openssl,https://github.com/openssl/openssl/blob/openssl-3.0.16/LICENSE.txt,release/1.5.0
cpp,prometheus-cpp,v1.3.0,MIT,https://github.com/jupp0r/prometheus-cpp,https://github.com/jupp0r/prometheus-cpp/blob/master/LICENSE,release/1.5.0
cpp,protobuf,31.0,BSD-3-Clause license,https://github.com/protocolbuffers/protobuf,https://github.com/protocolbuffers/protobuf/blob/v31.0/LICENSE,release/1.5.0
cpp,pybind11,2.13.6,BSD3,https://github.com/pybind/pybind11,https://github.com/pybind/pybind11/blob/master/LICENSE,release/1.5.0
cpp,RE2,2022-04-01,BSD 3-Clause License,https://github.com/google/re2,https://github.com/google/re2/blob/2022-04-01/LICENSE,release/1.5.0
cpp,Taskflow,3.10.0,MIT,https://github.com/taskflow/taskflow,https://github.com/taskflow/taskflow/blob/master/LICENSE,release/1.5.0
cpp,tomlplusplus,3.4.0,MIT,https://github.com/marzer/tomlplusplus,https://github.com/marzer/tomlplusplus/blob/v3.4.0/LICENSE,release/1.5.0
cpp,uccl,1.4.0,Apache 2.0,https://github.com/uccl-project/uccl,https://github.com/uccl-project/uccl/blob/main/LICENSE,release/1.5.0
cpp,ucx,1.23.x,BSD3,https://github.com/openucx/ucx/,https://github.com/openucx/ucx/blob/master/LICENSE,release/1.5.0
